GuestKey,GuestName
-1,Unknown
1,Alexander Baker
2,Alexander Campbell
3,Alexander Henderson
4,Amara Scott
5,Amara Sharma
6,Amara Thomas
7,Amelia Chen
8,Amelia Li
9,Amelia White
10,Andrew Khan
11,Andrew Singh
12,Andrew Turner
13,Beatrice Allen
14,Beatrice Scott
15,Beatrice Sharma
16,Benjamin Allen
17,Benjamin Clarke
18,Benjamin Kennedy
19,Benjamin Moore
20,Benjamin Thomas
21,Catherine Johnson
22,Catherine Roberts
23,Catherine Singh
24,Catherine Turner
25,Cecilia Ahmed
26,Cecilia Allen
27,Cecilia Khan
28,Cecilia Marchetti
29,Cecilia Singh
30,Charles Moore
31,Charles Roberts
32,Charlotte Brown
33,Charlotte Khan
34,Charlotte Morgan
35,Christopher Baker
36,Christopher Campbell
37,Christopher Evans
38,Christopher Nelson
39,Christopher Roberts
40,Christopher Thomas
41,Claire Davies
42,Claire Marchetti
43,Claire Singh
44,David Johnson
45,David Kennedy
46,David Smith
47,David Thomas
48,Dorothy Allen
49,Dorothy Brown
50,Dorothy Roberts
51,Edward Campbell
52,Edward Evans
53,Edward Taylor
54,Edward Thomas
55,Eleanor Sharma
56,Eleanor Singh
57,Emily Brown
58,Emily Davies
59,Emily Mitchell
60,Emily Phillips
61,Frances Ahmed
62,Frances Baker
63,Frederick Campbell
64,Frederick Cooper
65,Frederick Diallo
66,Frederick Walker
67,George Baker
68,George Diallo
69,George Singh
70,George Taylor
71,Harriet Chen
72,Harriet Khan
73,Harriet Roberts
74,Henry Kennedy
75,Henry Marchetti
76,Henry White
77,Isabella Henderson
78,Isabella Roberts
79,James Scott
80,Jonathan Carter
81,Jonathan Chen
82,Jonathan Hall
83,Margaret Cooper
84,Margaret Harrison
85,Michael Henderson
86,Michael Phillips
87,Michael Smith
88,Michael Taylor
89,Nicholas Li
90,Nicholas Roberts
91,Oliver Baker
92,Oliver Kennedy
93,Oliver Kowalski
94,Patrick Marchetti
95,Priya Allen
96,Priya Clarke
97,Priya Marchetti
98,Rachel Evans
99,Rachel Kowalski
100,Rachel Li
101,Richard Diallo
102,Richard Scott
103,Richard Taylor
104,Robert Henderson
105,Robert Morgan
106,Robert Sharma
107,Robert Singh
108,Rosalind Ahmed
109,Rosalind Allen
110,Rosalind Diallo
111,Rosalind Evans
112,Rosalind Kowalski
113,Rosalind Morgan
114,Rosalind Nelson
115,Sarah Kennedy
116,Sarah Morgan
117,Sarah Roberts
118,Sarah Wilson
119,Simon Campbell
120,Simon Cooper
121,Simon Davies
122,Simon Li
123,Simon Thomas
124,Simon Williams
125,Simon Young
126,Sophie Davies
127,Sophie Evans
128,Sophie Kowalski
129,Sophie Thomas
130,Sophie Wilson
131,Sophie Young
132,Thomas Young
133,Victoria Ahmed
134,Victoria Carter
135,Victoria Kennedy
136,Victoria Marchetti
137,Victoria Morgan
138,Victoria Thomas
139,Vivienne Cooper
140,Vivienne Johnson
141,Vivienne Marchetti
142,Vivienne Taylor
143,Vivienne Turner
144,William Marchetti
145,William Singh
146,William Williams
